id_cliente,prob_cancelamento,faixa_risco,sinais_de_risco,receita_anual_estimada,qtd_transacoes_12m,var_qtd_q4_q1,contatos_12m,qtd_produtos,saldo_rotativo
719621958,0.9999,Crítico,"Poucas transações (≤ 60); Queda de uso no trimestre (Q4/Q1 < 0,6); 3+ contatos com o banco; Rotativo zerado",34.4,40,0.379,3,3,0
709465758,0.9998,Crítico,"Poucas transações (≤ 60); Queda de uso no trimestre (Q4/Q1 < 0,6); 3+ contatos com o banco; Rotativo zerado",18.04,31,0.409,3,3,0
720846558,0.9997,Crítico,"Poucas transações (≤ 60); Queda de uso no trimestre (Q4/Q1 < 0,6); 3+ contatos com o banco; Rotativo zerado",50.24,45,0.324,4,6,0
789175683,0.9996,Crítico,Até 2 produtos,620.1,71,0.821,2,2,2517
710044308,0.9993,Crítico,"Poucas transações (≤ 60); Queda de uso no trimestre (Q4/Q1 < 0,6); Até 2 produtos",336.52,47,0.567,2,2,1594
788965683,0.9991,Crítico,"Poucas transações (≤ 60); Queda de uso no trimestre (Q4/Q1 < 0,6); 3+ contatos com o banco; Rotativo zerado",43.4,41,0.464,3,6,0
827111283,0.999,Crítico,"Poucas transações (≤ 60); Queda de uso no trimestre (Q4/Q1 < 0,6); Até 2 produtos",126.22,28,0.474,2,2,578
710096658,0.9988,Crítico,"Poucas transações (≤ 60); Queda de uso no trimestre (Q4/Q1 < 0,6); 3+ contatos com o banco",399.86,42,0.5,3,4,1978
803776533,0.9987,Crítico,"Poucas transações (≤ 60); Queda de uso no trimestre (Q4/Q1 < 0,6); Rotativo zerado",42.36,52,0.576,2,3,0
775112958,0.9987,Crítico,3+ contatos com o banco; Até 2 produtos; Rotativo zerado,155.62,72,0.895,3,2,0
778399008,0.9972,Crítico,"Poucas transações (≤ 60); Queda de uso no trimestre (Q4/Q1 < 0,6); Rotativo zerado",31.96,45,0.324,2,3,0
721425558,0.9971,Crítico,"Poucas transações (≤ 60); Queda de uso no trimestre (Q4/Q1 < 0,6); Até 2 produtos; Rotativo zerado",30.72,37,0.423,2,2,0
718361583,0.9952,Crítico,"Poucas transações (≤ 60); Queda de uso no trimestre (Q4/Q1 < 0,6); 3+ contatos com o banco; Rotativo zerado",31.18,44,0.467,5,3,0
719038008,0.9951,Crítico,"Poucas transações (≤ 60); Queda de uso no trimestre (Q4/Q1 < 0,6)",311.8,41,0.242,2,3,1192
710662158,0.9942,Crítico,Poucas transações (≤ 60); 3+ contatos com o banco; Até 2 produtos,494.08,41,1.05,3,1,2517
719238183,0.9931,Crítico,Poucas transações (≤ 60); 3+ contatos com o banco,254.82,45,0.607,3,3,1167
793059108,0.9929,Crítico,"Poucas transações (≤ 60); Queda de uso no trimestre (Q4/Q1 < 0,6); 3+ contatos com o banco",277.06,22,0.375,3,6,1440
716436483,0.9929,Crítico,Poucas transações (≤ 60); 3+ contatos com o banco; Rotativo zerado,50.42,50,0.667,3,4,0
709253433,0.9923,Crítico,"Poucas transações (≤ 60); Queda de uso no trimestre (Q4/Q1 < 0,6); Até 2 produtos",393.12,58,0.45,2,2,1912
790225758,0.992,Crítico,"Poucas transações (≤ 60); Queda de uso no trimestre (Q4/Q1 < 0,6); 3+ contatos com o banco",156.84,47,0.424,3,6,620
712579983,0.9911,Crítico,Poucas transações (≤ 60); 3+ contatos com o banco; Rotativo zerado,45.16,59,0.788,3,5,0
714878508,0.991,Crítico,Poucas transações (≤ 60); 3+ contatos com o banco,137.32,49,0.633,3,3,535
756629133,0.9909,Crítico,Poucas transações (≤ 60); Rotativo zerado,41.76,37,0.682,2,3,0
708741633,0.9901,Crítico,"Poucas transações (≤ 60); Queda de uso no trimestre (Q4/Q1 < 0,6); 3+ contatos com o banco; Rotativo zerado",35.42,41,0.367,4,6,0
785432733,0.9899,Crítico,Poucas transações (≤ 60); 3+ contatos com o banco; Até 2 produtos; Rotativo zerado,19.32,22,1.2,3,2,0
715261458,0.988,Crítico,Poucas transações (≤ 60); 3+ contatos com o banco; Rotativo zerado,52.42,49,0.815,4,6,0
720446508,0.9873,Crítico,Poucas transações (≤ 60),240.28,57,0.727,2,5,1037
713785608,0.9866,Crítico,3+ contatos com o banco; Até 2 produtos; Rotativo zerado,98.36,63,0.75,3,1,0
717975333,0.9864,Crítico,Poucas transações (≤ 60),256.14,15,2.0,2,6,1330
716211258,0.9842,Crítico,Poucas transações (≤ 60); 3+ contatos com o banco; Rotativo zerado,39.32,43,1.15,4,6,0
710120358,0.9828,Crítico,Poucas transações (≤ 60); 3+ contatos com o banco,460.74,37,0.762,4,6,2312
789893808,0.9801,Crítico,"Poucas transações (≤ 60); Queda de uso no trimestre (Q4/Q1 < 0,6); 3+ contatos com o banco",263.4,38,0.407,3,6,1230
718086783,0.9771,Crítico,Poucas transações (≤ 60); Até 2 produtos; Rotativo zerado,94.76,56,0.867,1,2,0
709334658,0.9755,Crítico,"Poucas transações (≤ 60); Queda de uso no trimestre (Q4/Q1 < 0,6); 3+ contatos com o banco",493.56,51,0.378,5,4,2517
779331558,0.9703,Crítico,"Poucas transações (≤ 60); Queda de uso no trimestre (Q4/Q1 < 0,6); 3+ contatos com o banco; Rotativo zerado",51.96,59,0.595,3,6,0
720868683,0.9686,Crítico,"Poucas transações (≤ 60); Queda de uso no trimestre (Q4/Q1 < 0,6); 3+ contatos com o banco",278.02,37,0.37,3,5,1343
718837683,0.9662,Crítico,"Poucas transações (≤ 60); Queda de uso no trimestre (Q4/Q1 < 0,6); 3+ contatos com o banco",318.78,50,0.471,4,6,1505
710180958,0.9647,Crítico,"Poucas transações (≤ 60); Queda de uso no trimestre (Q4/Q1 < 0,6); 3+ contatos com o banco",485.02,31,0.476,3,5,2517
718345233,0.9632,Crítico,"Poucas transações (≤ 60); Queda de uso no trimestre (Q4/Q1 < 0,6); 3+ contatos com o banco",491.14,41,0.519,3,6,2517
769323183,0.9602,Crítico,Poucas transações (≤ 60); 3+ contatos com o banco,494.78,44,0.76,3,6,2517
709997958,0.96,Crítico,"Poucas transações (≤ 60); Queda de uso no trimestre (Q4/Q1 < 0,6); 3+ contatos com o banco; Rotativo zerado",42.66,54,0.543,4,4,0
772204758,0.9574,Crítico,Poucas transações (≤ 60),255.82,46,0.643,2,3,1165
821872758,0.9558,Crítico,"Poucas transações (≤ 60); Queda de uso no trimestre (Q4/Q1 < 0,6); 3+ contatos com o banco",495.48,49,0.531,4,4,2517
718627458,0.9555,Crítico,Poucas transações (≤ 60); Rotativo zerado,42.38,52,1.0,2,3,0
788465583,0.955,Crítico,Poucas transações (≤ 60); 3+ contatos com o banco; Até 2 produtos,343.72,52,0.733,3,2,1573
710241858,0.9545,Crítico,"Poucas transações (≤ 60); Queda de uso no trimestre (Q4/Q1 < 0,6); 3+ contatos com o banco; Rotativo zerado",40.8,36,0.44,4,6,0
718934058,0.9504,Crítico,"Poucas transações (≤ 60); Queda de uso no trimestre (Q4/Q1 < 0,6)",500.98,51,0.5,2,4,2517
720801033,0.9482,Crítico,"Poucas transações (≤ 60); Queda de uso no trimestre (Q4/Q1 < 0,6); 3+ contatos com o banco",480.0,27,0.421,3,3,2517
757266933,0.9432,Crítico,"Poucas transações (≤ 60); Queda de uso no trimestre (Q4/Q1 < 0,6); 3+ contatos com o banco",215.84,46,0.484,4,4,929
825756333,0.9412,Crítico,Poucas transações (≤ 60),381.66,48,0.778,1,4,1885
716657058,0.9329,Crítico,"Poucas transações (≤ 60); Queda de uso no trimestre (Q4/Q1 < 0,6); 3+ contatos com o banco; Até 2 produtos",198.0,37,0.542,3,2,926
718476033,0.9266,Crítico,Poucas transações (≤ 60); 3+ contatos com o banco,472.78,49,0.633,5,5,2355
778137108,0.9266,Crítico,"Poucas transações (≤ 60); Queda de uso no trimestre (Q4/Q1 < 0,6)",490.26,47,0.306,2,6,2517
712215258,0.9255,Crítico,"Poucas transações (≤ 60); Queda de uso no trimestre (Q4/Q1 < 0,6); 3+ contatos com o banco; Até 2 produtos; Rotativo zerado",25.96,22,0.571,3,2,0
710632683,0.9218,Crítico,"Poucas transações (≤ 60); Queda de uso no trimestre (Q4/Q1 < 0,6); 3+ contatos com o banco; Rotativo zerado",46.16,49,0.4,3,5,0
713030958,0.9215,Crítico,Poucas transações (≤ 60); Rotativo zerado,39.28,54,0.8,2,6,0
714211533,0.9134,Crítico,Poucas transações (≤ 60),501.78,50,0.667,2,4,2491
815062383,0.8995,Crítico,"Poucas transações (≤ 60); Queda de uso no trimestre (Q4/Q1 < 0,6)",253.02,33,0.5,1,3,1193
772148058,0.8918,Crítico,"Poucas transações (≤ 60); Queda de uso no trimestre (Q4/Q1 < 0,6); 3+ contatos com o banco",191.72,53,0.559,3,6,759
716811483,0.8834,Crítico,"Poucas transações (≤ 60); Queda de uso no trimestre (Q4/Q1 < 0,6); Rotativo zerado",37.18,43,0.536,1,4,0
716797758,0.8792,Crítico,Poucas transações (≤ 60); 3+ contatos com o banco; Rotativo zerado,33.4,33,0.65,4,3,0
784798683,0.8788,Crítico,"Poucas transações (≤ 60); Queda de uso no trimestre (Q4/Q1 < 0,6); Rotativo zerado",39.98,39,0.56,2,3,0
771756333,0.8739,Crítico,"Poucas transações (≤ 60); Queda de uso no trimestre (Q4/Q1 < 0,6); 3+ contatos com o banco",366.0,37,0.542,3,5,1794
806637558,0.8671,Crítico,Poucas transações (≤ 60); 3+ contatos com o banco; Rotativo zerado,30.78,40,0.6,5,5,0
715401633,0.8643,Crítico,"Poucas transações (≤ 60); Queda de uso no trimestre (Q4/Q1 < 0,6)",402.58,38,0.462,2,3,2002
819612933,0.8624,Crítico,"Queda de uso no trimestre (Q4/Q1 < 0,6); 3+ contatos com o banco; Até 2 produtos; Rotativo zerado",109.44,70,0.591,3,1,0
719836083,0.8605,Crítico,"Poucas transações (≤ 60); Queda de uso no trimestre (Q4/Q1 < 0,6)",346.22,34,0.172,2,3,1752
826513233,0.8582,Crítico,Poucas transações (≤ 60),472.66,54,0.742,2,6,2396
721129383,0.8556,Crítico,Poucas transações (≤ 60),500.28,42,0.826,2,3,2517
711835758,0.8505,Crítico,"Poucas transações (≤ 60); Queda de uso no trimestre (Q4/Q1 < 0,6); 3+ contatos com o banco",412.94,35,0.25,3,4,2099
711795633,0.8504,Crítico,"Poucas transações (≤ 60); Queda de uso no trimestre (Q4/Q1 < 0,6); 3+ contatos com o banco; Rotativo zerado",75.96,53,0.472,4,3,0
715102308,0.8501,Crítico,Poucas transações (≤ 60),274.76,47,0.679,2,5,1277
772601283,0.85,Crítico,Poucas transações (≤ 60),408.84,32,0.684,2,6,1992
719929758,0.8486,Crítico,Poucas transações (≤ 60); 3+ contatos com o banco; Rotativo zerado,61.14,54,0.688,3,6,0
781391058,0.8464,Crítico,"Poucas transações (≤ 60); Queda de uso no trimestre (Q4/Q1 < 0,6)",287.32,38,0.583,2,6,1375
709693833,0.8435,Crítico,"Poucas transações (≤ 60); Queda de uso no trimestre (Q4/Q1 < 0,6)",338.26,44,0.419,0,6,1605
713049933,0.8251,Crítico,Poucas transações (≤ 60); Rotativo zerado,42.88,44,0.63,2,5,0
720673008,0.8113,Crítico,"Poucas transações (≤ 60); Queda de uso no trimestre (Q4/Q1 < 0,6); 3+ contatos com o banco",181.58,47,0.516,4,3,812
717705858,0.8041,Crítico,Poucas transações (≤ 60); 3+ contatos com o banco; Rotativo zerado,50.56,52,0.793,3,4,0
708664008,0.8032,Crítico,"Poucas transações (≤ 60); Queda de uso no trimestre (Q4/Q1 < 0,6); 3+ contatos com o banco; Rotativo zerado",24.44,37,0.423,4,6,0
712571883,0.8016,Crítico,Poucas transações (≤ 60); Até 2 produtos,391.98,58,0.706,2,1,1658
713447583,0.7922,Crítico,Poucas transações (≤ 60),479.5,58,0.933,2,5,2055
711173883,0.7757,Crítico,"Poucas transações (≤ 60); Queda de uso no trimestre (Q4/Q1 < 0,6)",188.92,54,0.385,2,3,770
788618208,0.7734,Crítico,3+ contatos com o banco; Até 2 produtos; Rotativo zerado,163.96,90,0.915,3,2,0
805259733,0.7471,Crítico,"Poucas transações (≤ 60); Queda de uso no trimestre (Q4/Q1 < 0,6); 3+ contatos com o banco; Rotativo zerado",34.62,46,0.586,4,6,0
712672083,0.7463,Crítico,Poucas transações (≤ 60),153.42,24,0.714,2,3,747
711291558,0.7372,Crítico,"Poucas transações (≤ 60); Queda de uso no trimestre (Q4/Q1 < 0,6); 3+ contatos com o banco; Rotativo zerado",52.72,50,0.429,3,4,0
711836733,0.7334,Crítico,Poucas transações (≤ 60); 3+ contatos com o banco; Rotativo zerado,37.34,45,0.875,3,3,0
712879158,0.7332,Crítico,3+ contatos com o banco; Até 2 produtos,550.04,70,0.628,3,2,2201
778143183,0.7264,Crítico,Poucas transações (≤ 60); 3+ contatos com o banco; Até 2 produtos; Rotativo zerado,101.96,58,1.071,3,2,0
709106358,0.7217,Crítico,Poucas transações (≤ 60); Rotativo zerado,16.32,28,2.5,0,5,0
710353233,0.7211,Crítico,Poucas transações (≤ 60),284.84,47,0.621,2,4,1106
714779733,0.7124,Crítico,"Poucas transações (≤ 60); Queda de uso no trimestre (Q4/Q1 < 0,6); 3+ contatos com o banco",330.22,33,0.435,4,3,1586
710808108,0.7059,Crítico,Poucas transações (≤ 60),498.2,54,0.8,2,3,2517
719474583,0.7043,Crítico,"Poucas transações (≤ 60); Queda de uso no trimestre (Q4/Q1 < 0,6); 3+ contatos com o banco",375.24,53,0.472,3,6,1776
710641008,0.7002,Crítico,Poucas transações (≤ 60); 3+ contatos com o banco; Rotativo zerado,49.46,56,0.6,4,5,0
710905908,0.6995,Alto,"Poucas transações (≤ 60); Queda de uso no trimestre (Q4/Q1 < 0,6); 3+ contatos com o banco",282.68,30,0.5,3,4,1355
823629333,0.6882,Alto,Poucas transações (≤ 60); Até 2 produtos; Rotativo zerado,84.4,50,1.174,1,1,0
720942333,0.6881,Alto,Poucas transações (≤ 60); 3+ contatos com o banco; Rotativo zerado,40.86,52,1.0,4,4,0
710616183,0.688,Alto,Poucas transações (≤ 60); 3+ contatos com o banco; Rotativo zerado,37.58,34,0.7,4,5,0
714902283,0.6696,Alto,Poucas transações (≤ 60); 3+ contatos com o banco; Rotativo zerado,56.86,53,0.828,3,5,0
709012083,0.6682,Alto,Poucas transações (≤ 60); 3+ contatos com o banco,492.72,45,0.731,4,3,2514
794054058,0.6678,Alto,"Poucas transações (≤ 60); Queda de uso no trimestre (Q4/Q1 < 0,6); Até 2 produtos; Rotativo zerado",80.2,59,0.513,1,1,0
709200633,0.6439,Alto,3+ contatos com o banco; Até 2 produtos; Rotativo zerado,108.86,73,0.973,3,1,0
721306908,0.643,Alto,Poucas transações (≤ 60),166.0,46,0.704,2,4,540
754897008,0.6413,Alto,"Poucas transações (≤ 60); Queda de uso no trimestre (Q4/Q1 < 0,6); Até 2 produtos",281.62,26,0.368,2,2,1418
710490708,0.639,Alto,"Poucas transações (≤ 60); Queda de uso no trimestre (Q4/Q1 < 0,6); 3+ contatos com o banco; Rotativo zerado",40.94,46,0.533,3,4,0
716219808,0.6383,Alto,"Poucas transações (≤ 60); Queda de uso no trimestre (Q4/Q1 < 0,6); 3+ contatos com o banco; Rotativo zerado",34.84,41,0.323,3,5,0
827055333,0.6361,Alto,Poucas transações (≤ 60); 3+ contatos com o banco,227.86,37,0.682,5,5,1042
711757383,0.6352,Alto,"Poucas transações (≤ 60); Queda de uso no trimestre (Q4/Q1 < 0,6); Rotativo zerado",38.1,39,0.345,2,4,0
713497983,0.632,Alto,Poucas transações (≤ 60); Até 2 produtos; Rotativo zerado,69.18,53,0.71,2,1,0
714387108,0.6265,Alto,"Poucas transações (≤ 60); Queda de uso no trimestre (Q4/Q1 < 0,6); 3+ contatos com o banco; Rotativo zerado",69.62,51,0.5,3,4,0
710670633,0.6191,Alto,"Poucas transações (≤ 60); Queda de uso no trimestre (Q4/Q1 < 0,6); 3+ contatos com o banco",362.84,33,0.571,3,6,1779
772687983,0.6163,Alto,"Poucas transações (≤ 60); Queda de uso no trimestre (Q4/Q1 < 0,6); 3+ contatos com o banco",365.86,56,0.556,3,5,1498
713693958,0.6087,Alto,"Poucas transações (≤ 60); Queda de uso no trimestre (Q4/Q1 < 0,6); 3+ contatos com o banco; Rotativo zerado",25.9,29,0.381,4,6,0
711410958,0.5859,Alto,3+ contatos com o banco; Até 2 produtos,604.7,69,0.917,3,2,2517
779138883,0.578,Alto,"Poucas transações (≤ 60); Queda de uso no trimestre (Q4/Q1 < 0,6); 3+ contatos com o banco; Rotativo zerado",33.46,44,0.257,4,6,0
716162583,0.5708,Alto,"Poucas transações (≤ 60); Queda de uso no trimestre (Q4/Q1 < 0,6); 3+ contatos com o banco",491.68,57,0.425,3,6,2517
778855383,0.5708,Alto,Poucas transações (≤ 60); 3+ contatos com o banco; Rotativo zerado,39.5,40,0.6,3,3,0
717669483,0.5708,Alto,Poucas transações (≤ 60); Rotativo zerado,34.74,38,0.9,1,3,0
710092683,0.5705,Alto,Poucas transações (≤ 60); Até 2 produtos,292.52,47,0.741,2,2,1421
714574083,0.5684,Alto,Poucas transações (≤ 60); 3+ contatos com o banco,438.84,51,0.7,3,3,2159
714926508,0.5671,Alto,"Poucas transações (≤ 60); Queda de uso no trimestre (Q4/Q1 < 0,6)",394.34,46,0.438,2,5,1938
713750583,0.5568,Alto,Poucas transações (≤ 60); 3+ contatos com o banco,246.3,30,0.667,4,4,1125
720568083,0.5537,Alto,Poucas transações (≤ 60); 3+ contatos com o banco; Rotativo zerado,48.56,53,0.893,4,5,0
720476733,0.5517,Alto,"Poucas transações (≤ 60); Queda de uso no trimestre (Q4/Q1 < 0,6); Até 2 produtos",163.86,22,0.571,2,2,799
717859233,0.5486,Alto,Até 2 produtos,620.3,82,0.64,2,1,2517
714547458,0.5462,Alto,"Poucas transações (≤ 60); Queda de uso no trimestre (Q4/Q1 < 0,6); Rotativo zerado",38.82,51,0.417,2,3,0
771742533,0.5442,Alto,"Poucas transações (≤ 60); Queda de uso no trimestre (Q4/Q1 < 0,6)",327.98,28,0.556,2,5,1718
720231108,0.5415,Alto,Poucas transações (≤ 60); 3+ contatos com o banco; Rotativo zerado,60.62,57,0.676,3,3,0
716565258,0.5351,Alto,"Poucas transações (≤ 60); Queda de uso no trimestre (Q4/Q1 < 0,6); 3+ contatos com o banco; Rotativo zerado",50.52,54,0.588,4,5,0
820288233,0.5259,Alto,"Poucas transações (≤ 60); Queda de uso no trimestre (Q4/Q1 < 0,6); 3+ contatos com o banco; Rotativo zerado",54.62,39,0.5,4,4,0
787541883,0.5227,Alto,"Poucas transações (≤ 60); Queda de uso no trimestre (Q4/Q1 < 0,6); 3+ contatos com o banco; Rotativo zerado",22.4,27,0.35,3,3,0
715279683,0.5215,Alto,"Poucas transações (≤ 60); Queda de uso no trimestre (Q4/Q1 < 0,6); 3+ contatos com o banco; Rotativo zerado",33.58,39,0.5,4,5,0
715028283,0.5095,Alto,,506.18,61,0.605,2,3,2497
770146008,0.5069,Alto,"Poucas transações (≤ 60); Queda de uso no trimestre (Q4/Q1 < 0,6)",308.52,37,0.37,2,4,1502
809342208,0.5062,Alto,"Poucas transações (≤ 60); Queda de uso no trimestre (Q4/Q1 < 0,6); Rotativo zerado",40.1,47,0.469,2,4,0
717128283,0.5045,Alto,Poucas transações (≤ 60),479.72,33,0.941,2,5,2409
789144633,0.4966,Alto,Poucas transações (≤ 60),193.02,34,0.889,2,3,850
789270033,0.4932,Alto,"Poucas transações (≤ 60); Queda de uso no trimestre (Q4/Q1 < 0,6); 3+ contatos com o banco; Rotativo zerado",22.44,13,0.182,3,3,0
708119658,0.4879,Alto,"Poucas transações (≤ 60); Queda de uso no trimestre (Q4/Q1 < 0,6)",236.5,53,0.472,1,4,1034
713277783,0.4877,Alto,"Poucas transações (≤ 60); Queda de uso no trimestre (Q4/Q1 < 0,6)",206.26,55,0.486,2,6,905
709986633,0.4865,Alto,"Poucas transações (≤ 60); Queda de uso no trimestre (Q4/Q1 < 0,6); 3+ contatos com o banco; Rotativo zerado",42.88,41,0.577,3,3,0
719682183,0.4829,Alto,Poucas transações (≤ 60); 3+ contatos com o banco,493.0,43,1.048,4,3,2517
818929158,0.4794,Alto,Poucas transações (≤ 60); Rotativo zerado,44.4,53,0.828,2,3,0
712709508,0.4763,Alto,3+ contatos com o banco; Rotativo zerado,52.9,63,0.8,4,3,0
709531908,0.4756,Alto,Poucas transações (≤ 60); Rotativo zerado,43.68,53,0.828,2,5,0
711436083,0.4561,Alto,"Poucas transações (≤ 60); Queda de uso no trimestre (Q4/Q1 < 0,6); 3+ contatos com o banco",229.62,46,0.586,3,6,1003
715762083,0.4547,Alto,"Poucas transações (≤ 60); Queda de uso no trimestre (Q4/Q1 < 0,6)",415.9,45,0.5,2,6,2030
789469083,0.4525,Alto,"Queda de uso no trimestre (Q4/Q1 < 0,6); Até 2 produtos; Rotativo zerado",157.1,81,0.528,1,2,0
712555233,0.45,Alto,Poucas transações (≤ 60),168.26,38,0.727,2,4,710
718563483,0.4409,Alto,"Queda de uso no trimestre (Q4/Q1 < 0,6); 3+ contatos com o banco; Rotativo zerado",52.22,64,0.455,3,3,0
721051908,0.4307,Alto,"Poucas transações (≤ 60); Queda de uso no trimestre (Q4/Q1 < 0,6); 3+ contatos com o banco; Rotativo zerado",27.86,32,0.455,3,3,0
827691858,0.4289,Alto,"Poucas transações (≤ 60); Queda de uso no trimestre (Q4/Q1 < 0,6); 3+ contatos com o banco",265.3,52,0.405,4,3,1251
715455708,0.4178,Alto,Poucas transações (≤ 60),311.46,49,0.633,2,3,1468
779400183,0.4168,Alto,Poucas transações (≤ 60); 3+ contatos com o banco,502.74,55,0.774,4,3,2517
818908833,0.4143,Alto,"Poucas transações (≤ 60); Queda de uso no trimestre (Q4/Q1 < 0,6); Rotativo zerado",40.76,45,0.364,2,5,0
711048783,0.4116,Alto,Poucas transações (≤ 60); 3+ contatos com o banco; Rotativo zerado,26.9,34,0.619,3,3,0
709056558,0.4106,Alto,Poucas transações (≤ 60),492.94,41,0.64,2,5,2517
708655983,0.4063,Alto,"Poucas transações (≤ 60); Queda de uso no trimestre (Q4/Q1 < 0,6); Rotativo zerado",27.06,24,0.263,2,3,0
772308408,0.3975,Moderado,Poucas transações (≤ 60); 3+ contatos com o banco,159.42,22,1.2,3,6,785
778456983,0.397,Moderado,"Poucas transações (≤ 60); Queda de uso no trimestre (Q4/Q1 < 0,6); 3+ contatos com o banco",253.36,49,0.361,3,5,1205
718435158,0.3954,Moderado,"Poucas transações (≤ 60); Queda de uso no trimestre (Q4/Q1 < 0,6); 3+ contatos com o banco; Rotativo zerado",38.6,36,0.44,4,5,0
788699808,0.3954,Moderado,"Poucas transações (≤ 60); Queda de uso no trimestre (Q4/Q1 < 0,6); Rotativo zerado",30.76,43,0.536,2,4,0
772000533,0.3946,Moderado,"Poucas transações (≤ 60); Queda de uso no trimestre (Q4/Q1 < 0,6)",236.52,23,0.278,2,4,1113
772571508,0.3896,Moderado,Poucas transações (≤ 60); Rotativo zerado,46.22,43,0.654,0,4,0
714573258,0.3844,Moderado,Poucas transações (≤ 60); 3+ contatos com o banco,188.22,45,1.045,4,4,798
710840433,0.3791,Moderado,Poucas transações (≤ 60); 3+ contatos com o banco; Até 2 produtos,364.86,51,0.962,3,2,1656
778742358,0.3783,Moderado,Até 2 produtos; Rotativo zerado,150.34,76,0.617,2,2,0
714178458,0.3775,Moderado,"Poucas transações (≤ 60); Queda de uso no trimestre (Q4/Q1 < 0,6)",324.38,53,0.395,2,3,1603
716355783,0.3756,Moderado,"Poucas transações (≤ 60); Queda de uso no trimestre (Q4/Q1 < 0,6); 3+ contatos com o banco; Rotativo zerado",39.98,44,0.571,3,5,0
769574883,0.3708,Moderado,"Poucas transações (≤ 60); Queda de uso no trimestre (Q4/Q1 < 0,6); 3+ contatos com o banco",475.08,37,0.276,3,3,2517
788811558,0.3702,Moderado,3+ contatos com o banco; Até 2 produtos,340.9,65,0.857,3,1,1022
719273733,0.3646,Moderado,"Poucas transações (≤ 60); Queda de uso no trimestre (Q4/Q1 < 0,6); 3+ contatos com o banco",216.74,29,0.318,5,5,998
721500108,0.3594,Moderado,Poucas transações (≤ 60); Rotativo zerado,88.04,55,0.833,2,5,0
713734758,0.3463,Moderado,"Poucas transações (≤ 60); Queda de uso no trimestre (Q4/Q1 < 0,6)",469.1,50,0.351,2,4,2375
779548008,0.3426,Moderado,3+ contatos com o banco; Até 2 produtos; Rotativo zerado,154.9,83,0.729,3,1,0
716129208,0.3367,Moderado,Poucas transações (≤ 60); 3+ contatos com o banco; Rotativo zerado,33.56,36,0.8,3,3,0
719466558,0.3238,Moderado,"Poucas transações (≤ 60); Queda de uso no trimestre (Q4/Q1 < 0,6); Rotativo zerado",27.22,34,0.308,2,3,0
788528958,0.322,Moderado,3+ contatos com o banco; Até 2 produtos; Rotativo zerado,167.12,79,0.681,3,1,0
797234508,0.3215,Moderado,"Poucas transações (≤ 60); Queda de uso no trimestre (Q4/Q1 < 0,6); 3+ contatos com o banco; Rotativo zerado",29.62,20,0.333,4,3,0
710844408,0.3185,Moderado,Poucas transações (≤ 60); Rotativo zerado,36.86,28,0.647,2,4,0
717678408,0.3117,Moderado,"Poucas transações (≤ 60); Queda de uso no trimestre (Q4/Q1 < 0,6); 3+ contatos com o banco",494.38,51,0.457,4,4,2517
716063583,0.3104,Moderado,Até 2 produtos,552.46,85,0.7,1,1,2109
819258408,0.3097,Moderado,"Poucas transações (≤ 60); Queda de uso no trimestre (Q4/Q1 < 0,6); 3+ contatos com o banco",233.04,41,0.367,4,4,1106
778627983,0.3076,Moderado,"Poucas transações (≤ 60); Queda de uso no trimestre (Q4/Q1 < 0,6); 3+ contatos com o banco",237.4,49,0.4,3,3,1140
715898058,0.3061,Moderado,"Poucas transações (≤ 60); Queda de uso no trimestre (Q4/Q1 < 0,6); 3+ contatos com o banco; Rotativo zerado",33.12,41,0.367,3,5,0
713217858,0.3026,Moderado,"Poucas transações (≤ 60); Queda de uso no trimestre (Q4/Q1 < 0,6); 3+ contatos com o banco; Rotativo zerado",24.08,28,0.333,3,5,0
715050408,0.2952,Moderado,"Poucas transações (≤ 60); Queda de uso no trimestre (Q4/Q1 < 0,6); 3+ contatos com o banco",305.56,32,0.524,3,4,1576
712514508,0.295,Moderado,Poucas transações (≤ 60); Rotativo zerado,61.46,49,1.227,2,6,0
711455133,0.2932,Moderado,Poucas transações (≤ 60); 3+ contatos com o banco,380.64,42,0.68,3,5,1839
719169783,0.2926,Moderado,Poucas transações (≤ 60); 3+ contatos com o banco,170.82,57,0.839,3,3,640
710592933,0.2906,Moderado,"Poucas transações (≤ 60); Queda de uso no trimestre (Q4/Q1 < 0,6); 3+ contatos com o banco",240.88,54,0.588,3,3,1092
715168983,0.2872,Moderado,"Poucas transações (≤ 60); Queda de uso no trimestre (Q4/Q1 < 0,6); Rotativo zerado",29.02,37,0.194,2,5,0
771075258,0.285,Moderado,"Poucas transações (≤ 60); Queda de uso no trimestre (Q4/Q1 < 0,6); Até 2 produtos",300.22,42,0.355,2,2,1527
708697983,0.2781,Moderado,Até 2 produtos,563.4,78,0.814,2,2,2156
721023708,0.2765,Moderado,"Queda de uso no trimestre (Q4/Q1 < 0,6); 3+ contatos com o banco; Rotativo zerado",42.84,62,0.378,3,3,0
718830183,0.2741,Moderado,"Poucas transações (≤ 60); Queda de uso no trimestre (Q4/Q1 < 0,6); 3+ contatos com o banco",479.84,29,0.381,4,5,2517
789125733,0.2709,Moderado,"Poucas transações (≤ 60); Queda de uso no trimestre (Q4/Q1 < 0,6); 3+ contatos com o banco",294.64,53,0.514,4,4,1402
708968733,0.2696,Moderado,"Queda de uso no trimestre (Q4/Q1 < 0,6); Até 2 produtos; Rotativo zerado",158.52,83,0.537,2,1,0
711402333,0.2585,Moderado,Poucas transações (≤ 60); 3+ contatos com o banco; Até 2 produtos,173.32,32,1.0,3,2,797
712572858,0.2559,Moderado,Poucas transações (≤ 60); 3+ contatos com o banco; Até 2 produtos,400.8,45,0.667,3,2,1801
779743908,0.2463,Moderado,"Poucas transações (≤ 60); Queda de uso no trimestre (Q4/Q1 < 0,6); Rotativo zerado",23.92,30,0.429,2,4,0
717427983,0.2429,Moderado,3+ contatos com o banco,489.6,64,0.641,4,4,2422
714121083,0.242,Moderado,"Queda de uso no trimestre (Q4/Q1 < 0,6)",374.6,68,0.447,2,5,1508
720770883,0.2377,Moderado,"Queda de uso no trimestre (Q4/Q1 < 0,6); 3+ contatos com o banco; Rotativo zerado",44.98,61,0.564,3,5,0
711764733,0.2351,Moderado,3+ contatos com o banco; Rotativo zerado,155.32,81,0.62,3,3,0
716944983,0.235,Moderado,"Poucas transações (≤ 60); Queda de uso no trimestre (Q4/Q1 < 0,6); 3+ contatos com o banco",486.22,27,0.5,4,4,2517
710813733,0.2346,Moderado,"Poucas transações (≤ 60); Queda de uso no trimestre (Q4/Q1 < 0,6); 3+ contatos com o banco; Rotativo zerado",30.92,41,0.577,4,5,0
797414733,0.2338,Moderado,3+ contatos com o banco,321.84,61,0.848,4,3,1517
795237183,0.2288,Moderado,Poucas transações (≤ 60); 3+ contatos com o banco; Rotativo zerado,40.82,32,0.684,4,3,0
715260558,0.2275,Moderado,Rotativo zerado,153.48,80,0.633,2,3,0
780276258,0.2255,Moderado,"Poucas transações (≤ 60); Queda de uso no trimestre (Q4/Q1 < 0,6); 3+ contatos com o banco",206.34,37,0.276,3,3,985
713346558,0.2224,Moderado,"Poucas transações (≤ 60); Queda de uso no trimestre (Q4/Q1 < 0,6); 3+ contatos com o banco",198.38,28,0.556,4,5,891
818034558,0.2223,Moderado,Poucas transações (≤ 60); 3+ contatos com o banco,317.82,40,0.818,3,5,1506
714054408,0.2187,Moderado,3+ contatos com o banco; Até 2 produtos,493.4,79,0.837,3,1,1822
720688158,0.2114,Moderado,3+ contatos com o banco; Rotativo zerado,55.02,68,0.659,4,3,0
814459833,0.2095,Moderado,"Poucas transações (≤ 60); Queda de uso no trimestre (Q4/Q1 < 0,6); 3+ contatos com o banco; Rotativo zerado",60.84,55,0.528,4,5,0
714495258,0.2067,Moderado,"Poucas transações (≤ 60); Queda de uso no trimestre (Q4/Q1 < 0,6); 3+ contatos com o banco",121.94,37,0.37,3,4,479
715345833,0.2053,Moderado,Poucas transações (≤ 60),500.44,56,0.75,1,6,2517
715457658,0.2052,Moderado,"Poucas transações (≤ 60); Queda de uso no trimestre (Q4/Q1 < 0,6); 3+ contatos com o banco",298.84,48,0.548,4,3,1465
714133158,0.2049,Moderado,Poucas transações (≤ 60); 3+ contatos com o banco; Até 2 produtos,257.94,31,0.824,3,2,1305
808909008,0.2029,Moderado,"Poucas transações (≤ 60); Queda de uso no trimestre (Q4/Q1 < 0,6); 3+ contatos com o banco; Rotativo zerado",28.96,31,0.292,4,6,0
713039808,0.2023,Moderado,Poucas transações (≤ 60); Rotativo zerado,36.02,48,0.6,1,3,0
720487308,0.2022,Moderado,Poucas transações (≤ 60); Rotativo zerado,83.68,54,1.077,2,3,0
713208033,0.2011,Moderado,Até 2 produtos,398.38,64,0.684,0,2,1360
710194683,0.1982,Moderado,Poucas transações (≤ 60); 3+ contatos com o banco,453.06,39,0.857,4,3,2260
712763808,0.1964,Moderado,"Poucas transações (≤ 60); Queda de uso no trimestre (Q4/Q1 < 0,6); 3+ contatos com o banco",396.02,36,0.241,3,3,2037
710263608,0.1953,Moderado,"Poucas transações (≤ 60); Queda de uso no trimestre (Q4/Q1 < 0,6); 3+ contatos com o banco",190.9,46,0.586,4,4,821
714162033,0.195,Moderado,Poucas transações (≤ 60); 3+ contatos com o banco,342.1,49,0.69,3,3,1519
717140733,0.1889,Moderado,3+ contatos com o banco; Até 2 produtos,330.88,85,0.735,3,1,831
716568708,0.1878,Moderado,"Poucas transações (≤ 60); Queda de uso no trimestre (Q4/Q1 < 0,6); Rotativo zerado",21.98,27,0.588,2,6,0
720167508,0.1827,Moderado,Até 2 produtos,583.3,74,0.721,1,1,2389
788210583,0.1824,Moderado,"Poucas transações (≤ 60); Queda de uso no trimestre (Q4/Q1 < 0,6); 3+ contatos com o banco; Rotativo zerado",36.86,49,0.581,4,3,0
758076408,0.1819,Moderado,Poucas transações (≤ 60); 3+ contatos com o banco; Até 2 produtos,320.34,43,1.263,3,2,1603
715462008,0.1815,Moderado,Poucas transações (≤ 60),417.9,49,0.633,2,6,2096
717327783,0.1812,Moderado,Poucas transações (≤ 60),320.88,44,1.0,2,4,1476
718298733,0.1803,Moderado,Rotativo zerado,282.68,85,0.7,2,3,0
779749908,0.1785,Moderado,"Poucas transações (≤ 60); Queda de uso no trimestre (Q4/Q1 < 0,6); 3+ contatos com o banco; Até 2 produtos",397.98,32,0.455,3,2,2061
708382083,0.1768,Moderado,"Poucas transações (≤ 60); Queda de uso no trimestre (Q4/Q1 < 0,6); Rotativo zerado",51.68,60,0.5,2,6,0
714166833,0.1767,Moderado,,413.68,77,0.791,2,3,1432
758521983,0.1748,Moderado,"Poucas transações (≤ 60); Queda de uso no trimestre (Q4/Q1 < 0,6)",259.96,40,0.538,2,3,1200
715120608,0.1747,Moderado,"Poucas transações (≤ 60); Queda de uso no trimestre (Q4/Q1 < 0,6); Até 2 produtos",332.0,27,0.588,2,2,1703
711743883,0.1742,Moderado,Poucas transações (≤ 60); 3+ contatos com o banco; Rotativo zerado,24.74,32,0.6,3,5,0
709918158,0.1726,Moderado,"Poucas transações (≤ 60); Queda de uso no trimestre (Q4/Q1 < 0,6); Rotativo zerado",40.56,51,0.545,1,5,0
779187783,0.1717,Moderado,Até 2 produtos,495.06,77,0.878,1,2,1813
720949083,0.17,Moderado,Poucas transações (≤ 60); 3+ contatos com o banco,523.74,53,0.71,5,5,2517
827108583,0.1695,Moderado,"Poucas transações (≤ 60); Queda de uso no trimestre (Q4/Q1 < 0,6); 3+ contatos com o banco",251.1,26,0.368,3,3,1266
717171408,0.1677,Moderado,Poucas transações (≤ 60); Rotativo zerado,40.42,41,0.783,1,6,0
719831958,0.1666,Moderado,Poucas transações (≤ 60); 3+ contatos com o banco; Rotativo zerado,35.86,44,0.833,4,5,0
712615008,0.166,Moderado,"Queda de uso no trimestre (Q4/Q1 < 0,6); Até 2 produtos",229.7,66,0.571,2,1,892
719227233,0.1631,Moderado,"Poucas transações (≤ 60); Queda de uso no trimestre (Q4/Q1 < 0,6); 3+ contatos com o banco",169.22,43,0.344,3,3,723
803648508,0.1615,Moderado,Poucas transações (≤ 60); 3+ contatos com o banco,169.36,42,0.75,3,4,758
713889933,0.161,Moderado,Poucas transações (≤ 60); Rotativo zerado,30.72,44,0.63,2,4,0
716632758,0.157,Moderado,Poucas transações (≤ 60); Até 2 produtos,451.24,40,0.6,0,2,2363
717382608,0.1564,Moderado,Até 2 produtos,628.66,86,0.654,2,2,2517
816608808,0.1561,Moderado,3+ contatos com o banco; Rotativo zerado,55.46,62,0.676,3,4,0
826723308,0.1539,Moderado,"Poucas transações (≤ 60); Queda de uso no trimestre (Q4/Q1 < 0,6); 3+ contatos com o banco",396.0,21,0.4,4,5,2088
716452908,0.1507,Moderado,Poucas transações (≤ 60); 3+ contatos com o banco,300.7,44,0.833,3,4,1421
714566958,0.1504,Moderado,Poucas transações (≤ 60); 3+ contatos com o banco,301.42,40,0.6,5,4,1420
719706483,0.1503,Moderado,"Poucas transações (≤ 60); Queda de uso no trimestre (Q4/Q1 < 0,6)",257.88,46,0.394,2,6,1188
